name_pl,proxy_fdc,sfa,sugar,ca,fe,mg,k,na,zn,vitc,vitd_iu,b12,folate,epa,dha,iodine
Pierś z kurczaka (surowa),171077,0.563,0.0,5.0,0.37,28.0,334.0,45.0,0.68,0.0,1.0,0.21,9.0,0.003,0.004,0.0
Udo z kurczaka bez skóry (surowe),173627,1.097,0.0,7.0,0.81,23.0,242.0,95.0,1.58,0.0,1.0,0.61,4.0,0.002,0.007,0.0
Pierś z indyka (surowa),174515,0.344,0.0,9.0,0.76,27.0,267.0,74.0,1.16,0.0,7.0,1.35,7.0,0.001,0.002,0.0
Wołowina mielona 90/10 (surowa),174030,3.927,0.0,12.0,2.24,20.0,321.0,66.0,4.79,0.0,3.0,2.21,6.0,0.0,0.0,0.0
Mięso mielone z indyka (surowe),172850,2.17,0.0,21.0,1.17,21.0,213.0,69.0,2.53,0.0,14.0,1.2,7.0,0.005,0.008,0.0
Polędwiczka wieprzowa (surowa),168249,0.698,0.0,5.0,0.98,27.0,399.0,53.0,1.89,0.0,8.0,0.51,0.0,0.0,0.0,0.0
Schab bez kości (surowy),168263,0.801,0.0,6.0,0.48,26.0,386.0,87.0,1.42,0.0,23.0,0.41,0.0,0.0,0.0,0.0
Dorsz (surowy),171955,0.131,0.0,16.0,0.38,32.0,413.0,54.0,0.45,1.0,36.0,0.91,7.0,0.064,0.12,0.0
Mintaj (surowy),173725,0.148,0.0,12.0,0.27,34.0,331.0,159.0,0.4,0.0,0.0,0.0,0.0,0.075,0.16,0.0
Łosoś (surowy),175167,3.05,0.0,9.0,0.34,27.0,363.0,59.0,0.36,3.9,441.0,3.23,26.0,0.862,1.104,0.0
Makrela (surowa),175119,3.257,0.0,12.0,1.63,76.0,314.0,90.0,0.63,0.4,643.0,8.71,1.0,0.898,1.401,0.0
Tuńczyk w sosie własnym (odsączony),171986,0.234,0.0,11.0,1.53,27.0,237.0,50.0,0.77,0.0,0.0,2.99,4.0,0.047,0.223,0.0
Krewetki (surowe),175179,0.101,0.0,64.0,0.52,35.0,264.0,119.0,1.34,0.0,0.0,0.0,0.0,0.03,0.031,0.0
Jajko kurze (całe),171287,3.126,0.37,56.0,1.75,12.0,138.0,142.0,1.29,0.0,82.0,0.89,47.0,0.0,0.058,0.0
Białko jaja,172183,0.0,0.71,7.0,0.08,11.0,163.0,166.0,0.03,0.0,0.0,0.09,4.0,0.0,0.0,0.0
Jogurt naturalny 2%,170886,1.0,7.04,183.0,0.08,17.0,234.0,70.0,0.89,0.8,1.0,0.56,11.0,0.0,0.0,0.0
Jogurt grecki 0%,170894,0.117,3.24,110.0,0.07,11.0,141.0,36.0,0.52,0.0,0.0,0.75,7.0,0.0,0.0,0.0
Skyr naturalny,170894,0.117,3.24,110.0,0.07,11.0,141.0,36.0,0.52,0.0,0.0,0.75,7.0,0.0,0.0,0.0
Jogurt grecki 10%,171304,2.395,4.0,100.0,0.0,11.0,141.0,35.0,0.52,0.0,0.0,0.75,5.0,0.0,0.004,0.0
Kefir 2%,170904,0.658,4.61,130.0,0.04,12.0,164.0,40.0,0.46,0.2,41.0,0.29,13.0,0.0,0.0,0.0
Mleko 2%,171267,1.257,5.06,120.0,0.02,11.0,140.0,47.0,0.48,0.2,49.0,0.53,5.0,0.0,0.0,0.0
Serek wiejski (cottage),172182,1.235,4.0,111.0,0.13,9.0,125.0,308.0,0.51,0.0,0.0,0.47,8.0,0.001,0.0,0.0
Mozzarella light,170847,10.114,1.13,782.0,0.22,23.0,84.0,619.0,2.76,0.0,12.0,0.82,9.0,0.0,0.0,0.0
Ser gouda,171241,17.614,2.22,700.0,0.24,29.0,121.0,819.0,3.9,0.0,20.0,1.54,21.0,0.0,0.0,0.0
Feta,173420,13.3,0.0,493.0,0.65,19.0,62.0,1139.0,2.88,0.0,16.0,1.69,32.0,0.0,0.0,0.0
Parmezan tarty,171247,15.371,0.07,853.0,0.49,34.0,180.0,1804.0,4.2,0.0,21.0,1.4,6.0,0.0,0.0,0.0
Śmietana 18%,171257,10.14,3.41,101.0,0.07,10.0,125.0,31.0,0.33,0.9,0.0,0.21,6.0,0.006,0.001,0.0
Masło,173430,50.489,0.06,24.0,0.02,2.0,24.0,11.0,0.09,0.0,0.0,0.17,3.0,0.0,0.0,0.0
Tofu twarde,172475,1.261,0.0,683.0,2.66,58.0,237.0,14.0,1.57,0.2,0.0,0.0,29.0,0.0,0.0,0.0
Tempeh,174272,2.539,0.0,111.0,2.7,81.0,412.0,9.0,1.14,0.0,0.0,0.08,24.0,0.0,0.0,0.0
Soczewica czerwona (sucha),172420,0.154,2.03,35.0,6.51,47.0,677.0,6.0,3.27,4.5,0.0,0.0,479.0,0.0,0.0,0.0
Ciecierzyca z puszki (odsączona),173800,0.214,4.01,45.0,1.07,26.0,126.0,246.0,0.63,0.1,0.0,0.0,48.0,0.0,0.0,0.0
Fasola czerwona z puszki (odsączona),174285,0.181,3.8,57.0,1.5,30.0,277.0,231.0,0.75,0.2,0.0,0.0,28.0,0.0,0.0,0.0
Fasola biała z puszki (odsączona),175204,0.074,0.29,73.0,2.99,51.0,454.0,340.0,1.12,0.0,0.0,0.0,65.0,0.0,0.0,0.0
Edamame (mrożone),168410,0.0,2.48,60.0,2.11,61.0,482.0,6.0,1.32,9.7,0.0,0.0,303.0,0.0,0.0,0.0
Hummus,174289,2.562,0.62,47.0,2.54,75.0,312.0,426.0,1.44,0.0,0.0,0.0,48.0,0.0,0.0,0.0
Napój sojowy,172446,0.205,3.99,25.0,0.64,25.0,118.0,51.0,0.12,0.0,0.0,0.0,18.0,0.0,0.0,0.0
Ryż biały (suchy),169756,0.18,0.12,28.0,0.8,25.0,115.0,5.0,1.09,0.0,0.0,0.0,8.0,0.0,0.0,0.0
Ryż brązowy (suchy),169703,0.591,0.66,9.0,1.29,116.0,250.0,5.0,2.13,0.0,0.0,0.0,23.0,0.0,0.0,0.0
Kasza gryczana (sucha),170685,0.591,0.0,17.0,2.47,221.0,320.0,11.0,2.42,0.0,0.0,0.0,42.0,0.0,0.0,0.0
Kasza jaglana (sucha),169702,0.723,0.0,8.0,3.01,114.0,195.0,5.0,1.68,0.0,0.0,0.0,85.0,0.0,0.0,0.0
Kasza pęczak (sucha),170284,0.244,0.8,29.0,2.5,79.0,280.0,9.0,2.13,0.0,0.0,0.0,23.0,0.0,0.0,0.0
Kasza bulgur (sucha),170688,0.232,0.41,35.0,2.46,164.0,410.0,17.0,1.93,0.0,0.0,0.0,27.0,0.0,0.0,0.0
Kuskus (suchy),169699,0.117,0.0,24.0,1.08,44.0,166.0,10.0,0.83,0.0,0.0,0.0,20.0,0.0,0.0,0.0
Komosa ryżowa (sucha),168874,0.706,0.0,47.0,4.57,197.0,563.0,5.0,3.1,0.0,0.0,0.0,184.0,0.0,0.047,0.0
Makaron pszenny (suchy),168927,0.277,2.67,21.0,1.3,53.0,223.0,6.0,1.41,0.0,0.0,0.0,18.0,0.0,0.0,0.0
Makaron pełnoziarnisty (suchy),169738,0.428,2.74,29.0,3.62,128.0,434.0,6.0,2.97,0.0,0.0,0.0,69.0,0.0,0.0,0.0
Makaron ryżowy (suchy),169742,0.153,0.12,18.0,0.7,12.0,30.0,182.0,0.74,0.0,0.0,0.0,3.0,0.0,0.0,0.0
Płatki owsiane,173904,1.11,0.99,52.0,4.25,138.0,362.0,6.0,3.64,0.0,0.0,0.0,32.0,0.0,0.0,0.0
Ziemniaki (surowe),170026,0.025,0.82,12.0,0.81,23.0,425.0,6.0,0.3,19.7,0.0,0.0,15.0,0.0,0.0,0.0
Batat (surowy),168482,0.018,4.18,30.0,0.61,25.0,337.0,55.0,0.3,2.4,0.0,0.0,11.0,0.0,0.0,0.0
Chleb żytni,172684,0.626,3.85,73.0,2.83,40.0,166.0,603.0,1.14,0.4,0.0,0.0,110.0,0.0,0.0,0.0
Chleb pełnoziarnisty,172688,0.722,4.34,161.0,2.47,75.0,254.0,455.0,1.77,0.0,0.0,0.0,42.0,0.0,0.0,0.0
Tortilla pszenna,175037,2.924,3.71,146.0,3.63,22.0,125.0,736.0,0.53,0.0,0.0,0.0,94.0,0.0,0.0,0.0
Mąka pszenna,169761,0.155,0.27,15.0,1.17,22.0,107.0,2.0,0.7,0.0,0.0,0.0,26.0,0.0,0.0,0.0
Mąka pełnoziarnista,168893,0.43,0.41,34.0,3.6,137.0,363.0,2.0,2.6,0.0,0.0,0.0,44.0,0.0,0.0,0.0
Miód,169640,0.0,82.12,6.0,0.42,2.0,52.0,4.0,0.22,0.5,0.0,0.0,2.0,0.0,0.0,0.0
Dżem,169641,0.01,48.5,20.0,0.49,4.0,77.0,32.0,0.06,8.8,0.0,0.0,11.0,0.0,0.0,0.0
Oliwa z oliwek,171413,13.808,0.0,1.0,0.56,0.0,1.0,2.0,0.0,0.0,0.0,0.0,0.0,0.0,0.0,0.0
Olej rzepakowy,172336,7.365,0.0,0.0,0.0,0.0,0.0,0.0,0.0,0.0,0.0,0.0,0.0,0.0,0.0,0.0
Masło orzechowe,172470,10.325,10.49,49.0,1.74,168.0,558.0,17.0,2.51,0.0,0.0,0.0,87.0,0.0,0.0,0.0
Orzechy włoskie,170187,6.126,2.61,98.0,2.91,158.0,441.0,2.0,3.09,1.3,0.0,0.0,98.0,0.0,0.0,0.0
Migdały,170567,3.802,4.35,269.0,3.71,270.0,733.0,1.0,3.12,0.0,0.0,0.0,44.0,0.0,0.0,0.0
Orzechy nerkowca,170162,7.783,5.91,37.0,6.68,292.0,660.0,12.0,5.78,0.5,0.0,0.0,25.0,0.0,0.0,0.0
Nasiona chia,170554,3.33,0.0,631.0,7.72,335.0,407.0,16.0,4.58,1.6,0.0,0.0,49.0,0.0,0.0,0.0
Siemię lniane,169414,3.663,1.55,255.0,5.73,392.0,813.0,30.0,4.34,0.6,0.0,0.0,87.0,0.0,0.0,0.0
Pestki dyni,170556,8.659,1.4,46.0,8.82,592.0,809.0,7.0,7.81,1.9,0.0,0.0,58.0,0.0,0.0,0.0
Słonecznik łuskany,170562,4.455,2.62,78.0,5.25,325.0,645.0,9.0,5.0,1.4,0.0,0.0,227.0,0.014,0.0,0.0
Awokado,171705,2.126,0.66,12.0,0.55,29.0,485.0,7.0,0.64,10.0,0.0,0.0,81.0,0.0,0.0,0.0
Tahini,170189,7.529,0.49,426.0,8.95,95.0,414.0,115.0,4.62,0.0,0.0,0.0,98.0,0.0,0.0,0.0
Oliwki czarne,169094,2.279,0.0,88.0,6.28,4.0,8.0,735.0,0.22,0.9,0.0,0.0,0.0,0.0,0.0,0.0
Mleczko kokosowe,170173,18.915,0.0,18.0,3.3,46.0,220.0,13.0,0.56,1.0,0.0,0.0,14.0,0.0,0.0,0.0
Gorzka czekolada 70-85%,170273,24.489,23.99,73.0,11.9,228.0,715.0,20.0,3.31,0.0,0.0,0.28,0.0,0.0,0.0,0.0
Brokuł,170379,0.114,1.7,47.0,0.73,21.0,316.0,33.0,0.41,89.2,0.0,0.0,63.0,0.0,0.0,0.0
Kalafior,169986,0.13,1.91,22.0,0.42,15.0,299.0,30.0,0.27,48.2,0.0,0.0,57.0,0.0,0.0,0.0
Szpinak świeży,168462,0.063,0.42,99.0,2.71,79.0,558.0,79.0,0.53,28.1,0.0,0.0,194.0,0.0,0.0,0.0
Pomidor,170457,0.028,2.63,10.0,0.27,11.0,237.0,5.0,0.17,13.7,0.0,0.0,15.0,0.0,0.0,0.0
Pomidory krojone z puszki,170051,0.034,2.55,33.0,0.57,10.0,191.0,115.0,0.12,12.6,0.0,0.0,8.0,0.0,0.0,0.0
Passata pomidorowa,170460,0.029,4.83,18.0,1.78,23.0,439.0,28.0,0.36,10.6,0.0,0.0,11.0,0.0,0.0,0.0
Koncentrat pomidorowy,170459,0.1,12.18,36.0,2.98,42.0,1014.0,59.0,0.63,21.9,0.0,0.0,12.0,0.0,0.0,0.0
Ogórek,168409,0.037,1.67,16.0,0.28,13.0,147.0,2.0,0.2,2.8,0.0,0.0,7.0,0.0,0.0,0.0
Papryka czerwona,170108,0.059,4.2,7.0,0.43,12.0,211.0,4.0,0.25,127.7,0.0,0.0,46.0,0.0,0.0,0.0
Cebula,170000,0.042,4.24,23.0,0.21,10.0,146.0,4.0,0.17,7.4,0.0,0.0,19.0,0.0,0.0,0.0
Czosnek,169230,0.089,1.0,181.0,1.7,25.0,401.0,17.0,1.16,31.2,0.0,0.0,3.0,0.0,0.0,0.0
Marchew,170393,0.032,4.74,33.0,0.3,12.0,320.0,69.0,0.24,5.9,0.0,0.0,19.0,0.0,0.0,0.0
Cukinia,169291,0.084,2.5,16.0,0.37,18.0,261.0,8.0,0.32,17.9,0.0,0.0,24.0,0.0,0.0,0.0
Pieczarki,169251,0.05,1.98,3.0,0.5,9.0,318.0,5.0,0.52,2.1,7.0,0.04,17.0,0.0,0.0,0.0
Sałata,169249,0.02,0.78,36.0,0.86,13.0,194.0,28.0,0.18,9.2,0.0,0.0,38.0,0.0,0.0,0.0
Rukola,169387,0.086,2.05,160.0,1.46,47.0,369.0,27.0,0.47,15.0,0.0,0.0,97.0,0.0,0.0,0.0
Kapusta biała,169975,0.034,3.2,40.0,0.47,12.0,170.0,18.0,0.18,36.6,0.0,0.0,43.0,0.0,0.0,0.0
Kapusta kiszona,169279,0.034,1.78,30.0,1.47,13.0,170.0,661.0,0.19,14.7,0.0,0.0,24.0,0.0,0.0,0.0
Ogórek kiszony,168558,0.079,1.07,57.0,0.26,7.0,117.0,809.0,0.1,2.3,0.0,0.0,8.0,0.0,0.0,0.0
Burak,169145,0.027,6.76,16.0,0.8,23.0,325.0,78.0,0.35,4.9,0.0,0.0,109.0,0.0,0.0,0.0
Fasolka szparagowa,169961,0.05,3.26,37.0,1.03,25.0,211.0,6.0,0.24,12.2,0.0,0.0,33.0,0.0,0.0,0.0
Groszek zielony (mrożony),170016,0.066,5.0,22.0,1.53,26.0,153.0,108.0,0.82,18.0,0.0,0.0,53.0,0.0,0.0,0.0
Kukurydza z puszki,169214,0.245,4.44,3.0,0.27,13.0,132.0,205.0,0.32,1.8,0.0,0.0,39.0,0.0,0.0,0.0
Dynia,168448,0.052,2.76,21.0,0.8,12.0,340.0,1.0,0.32,9.0,0.0,0.0,16.0,0.0,0.0,0.0
Bakłażan,169228,0.034,3.53,9.0,0.23,14.0,229.0,2.0,0.16,2.2,0.0,0.0,22.0,0.0,0.0,0.0
Por,169246,0.04,3.9,59.0,2.1,28.0,180.0,20.0,0.12,12.0,0.0,0.0,64.0,0.0,0.0,0.0
Seler naciowy,169988,0.042,1.34,40.0,0.2,11.0,260.0,80.0,0.13,3.1,0.0,0.0,36.0,0.0,0.0,0.0
Mieszanka warzyw mrożonych,170471,0.098,0.0,25.0,0.95,24.0,212.0,47.0,0.45,10.4,0.0,0.0,29.0,0.0,0.0,0.0
Natka pietruszki,170416,0.132,0.85,138.0,6.2,50.0,554.0,56.0,1.07,133.0,0.0,0.0,152.0,0.0,0.0,0.0
Koperek,172233,0.06,0.0,208.0,6.59,55.0,738.0,61.0,0.91,85.0,0.0,0.0,150.0,0.0,0.0,0.0
Szczypiorek,169994,0.146,1.85,92.0,1.6,42.0,296.0,3.0,0.56,58.1,0.0,0.0,105.0,0.0,0.0,0.0
Banan,173944,0.112,12.23,5.0,0.26,27.0,358.0,1.0,0.15,8.7,0.0,0.0,20.0,0.0,0.0,0.0
Jabłko,171688,0.028,10.39,6.0,0.12,5.0,107.0,1.0,0.04,4.6,0.0,0.0,3.0,0.0,0.0,0.0
Borówki,171711,0.028,9.96,6.0,0.28,6.0,77.0,1.0,0.16,9.7,0.0,0.0,6.0,0.0,0.0,0.0
Truskawki,167762,0.015,4.89,16.0,0.41,13.0,153.0,1.0,0.14,58.8,0.0,0.0,24.0,0.0,0.0,0.0
Maliny,167755,0.019,4.42,25.0,0.69,22.0,151.0,1.0,0.42,26.2,0.0,0.0,21.0,0.0,0.0,0.0
Owoce jagodowe mrożone,173950,0.053,8.45,8.0,0.18,5.0,54.0,1.0,0.07,2.5,0.0,0.0,7.0,0.0,0.0,0.0
Gruszka,169118,0.022,9.75,9.0,0.18,7.0,116.0,1.0,0.1,4.3,0.0,0.0,7.0,0.0,0.0,0.0
Pomarańcza,169097,0.015,9.35,40.0,0.1,10.0,181.0,0.0,0.07,53.2,0.0,0.0,30.0,0.0,0.0,0.0
Kiwi,168153,0.029,8.99,34.0,0.31,17.0,312.0,3.0,0.14,92.7,0.0,0.0,25.0,0.0,0.0,0.0
Winogrona,174683,0.054,15.48,10.0,0.36,7.0,191.0,2.0,0.07,3.2,0.0,0.0,2.0,0.0,0.0,0.0
Mango,169910,0.092,13.66,11.0,0.16,10.0,168.0,1.0,0.09,36.4,0.0,0.0,43.0,0.0,0.0,0.0
Daktyle,168191,0.0,66.47,64.0,0.9,54.0,696.0,1.0,0.44,0.0,0.0,0.0,15.0,0.0,0.0,0.0
Rodzynki,168165,0.094,65.18,62.0,1.79,36.0,744.0,26.0,0.36,2.3,0.0,0.0,5.0,0.0,0.0,0.0
Sok z cytryny,167747,0.04,2.52,6.0,0.08,6.0,103.0,1.0,0.05,38.7,0.0,0.0,20.0,0.0,0.0,0.0
Kakao gorzkie,169593,8.07,1.75,128.0,13.86,499.0,1524.0,21.0,6.81,0.0,0.0,0.0,32.0,0.0,0.0,0.0
Cynamon,171320,0.345,2.17,1002.0,8.32,60.0,431.0,10.0,1.83,3.8,0.0,0.0,6.0,0.0,0.0,0.0
Sos sojowy,174277,0.073,0.4,33.0,1.45,74.0,435.0,5493.0,0.87,0.0,0.0,0.0,14.0,0.0,0.0,0.0
Musztarda,172234,0.214,0.92,63.0,1.61,48.0,152.0,1104.0,0.64,0.3,0.0,0.0,7.0,0.0,0.0,0.0
Ketchup,168556,0.014,21.27,15.0,0.35,13.0,281.0,907.0,0.17,4.1,0.0,0.0,9.0,0.0,0.0,0.0
Ocet jabłkowy,173469,0.0,0.4,7.0,0.2,5.0,73.0,5.0,0.04,0.0,0.0,0.0,0.0,0.0,0.0,0.0
Bulion warzywny,171583,0.028,0.55,3.0,0.06,1.0,19.0,296.0,0.03,0.4,0.0,0.0,0.0,0.0,0.0,0.0
Sól,173468,0.0,0.0,24.0,0.33,1.0,8.0,38758.0,0.1,0.0,0.0,0.0,0.0,0.0,0.0,0.0
Pieprz czarny,170931,1.392,0.64,443.0,9.71,171.0,1329.0,20.0,1.19,0.0,0.0,0.0,17.0,0.0,0.0,0.0
Papryka słodka mielona,171329,2.14,10.34,229.0,21.14,178.0,2280.0,68.0,4.33,0.9,0.0,0.0,49.0,0.0,0.0,0.0
Curry (mieszanka),170924,1.648,2.76,525.0,19.1,255.0,1170.0,52.0,4.7,0.7,0.0,0.0,56.0,0.0,0.0,0.0
Oregano suszone,171328,1.551,4.09,1597.0,36.8,270.0,1260.0,25.0,2.69,2.3,0.0,0.0,237.0,0.0,0.0,0.0
Imbir świeży,169231,0.203,1.7,16.0,0.6,43.0,415.0,13.0,0.34,5.0,0.0,0.0,11.0,0.0,0.0,0.0
Twaróg półtłusty,172182,1.235,4.0,111.0,0.13,9.0,125.0,308.0,0.51,0.0,0.0,0.47,8.0,0.001,0.0,0.0
Twaróg chudy,172181,0.169,1.85,86.0,0.15,11.0,137.0,372.0,0.47,0.0,0.0,0.46,9.0,0.0,0.0,0.0
Odżywka białkowa WPC 80,170877,0.499,51.98,1257.0,0.32,110.0,1794.0,535.0,4.08,6.8,0.0,4.03,50.0,0.0,0.0,0.0
Napój owsiany,172446,0.205,3.99,25.0,0.64,25.0,118.0,51.0,0.12,0.0,0.0,0.0,18.0,0.0,0.0,0.0
Jogurt sojowy naturalny,172446,0.205,3.99,25.0,0.64,25.0,118.0,51.0,0.12,0.0,0.0,0.0,18.0,0.0,0.0,0.0
Chleb bezglutenowy,174923,0.709,4.67,69.0,3.61,80.0,215.0,269.0,1.31,0.0,0.0,0.0,86.0,0.0,0.0,0.0
Wafle ryżowe,173912,0.13,0.0,6.0,31.7,25.0,113.0,3.0,1.03,0.0,0.0,0.0,19.0,0.0,0.0,0.0
Wafle kukurydziane,173912,0.13,0.0,6.0,31.7,25.0,113.0,3.0,1.03,0.0,0.0,0.0,19.0,0.0,0.0,0.0
Kiełbasa drobiowa chuda,174605,4.8,1.9,100.0,4.8,14.0,246.0,1034.0,2.68,0.0,0.0,1.6,6.0,0.0,0.001,0.0
Szynka z indyka (wędlina),168092,0.5,0.5,5.0,1.35,20.0,299.0,1038.0,2.36,0.0,2.0,0.26,6.0,0.0,0.032,0.0
Ryż paraboliczny / basmati (suchy),169756,0.18,0.12,28.0,0.8,25.0,115.0,5.0,1.09,0.0,0.0,0.0,8.0,0.0,0.0,0.0
Śledź (surowy),175116,2.04,0.0,57.0,1.1,32.0,327.0,90.0,0.99,0.7,167.0,13.67,10.0,0.709,0.862,0.0
Halibut (surowy),174200,0.292,0.0,7.0,0.16,23.0,435.0,68.0,0.36,0.0,190.0,1.1,12.0,0.066,0.128,0.0
Sardynki w oleju (odsączone),175139,1.528,0.0,382.0,2.92,39.0,397.0,307.0,1.31,0.0,193.0,8.94,10.0,0.473,0.509,0.0
Łosoś wędzony,167614,0.0,0.0,60.0,1.8,0.0,0.0,0.0,0.0,0.0,0.0,0.0,0.0,0.0,0.0,0.0
Płatki kukurydziane,174648,0.227,7.84,2.0,19.4,7.0,107.0,571.0,0.2,65.0,286.0,5.36,714.0,0.0,0.0,0.0
Płatki ryżowe,173912,0.13,0.0,6.0,31.7,25.0,113.0,3.0,1.03,0.0,0.0,0.0,19.0,0.0,0.0,0.0
Płatki jaglane,169702,0.723,0.0,8.0,3.01,114.0,195.0,5.0,1.68,0.0,0.0,0.0,85.0,0.0,0.0,0.0
Rzodkiewka,169276,0.032,1.86,25.0,0.34,10.0,233.0,39.0,0.28,14.8,0.0,0.0,25.0,0.0,0.0,0.0
Serek śmietankowy light,169079,10.0,3.3,148.0,0.17,8.0,247.0,317.0,0.57,0.0,11.0,0.92,19.0,0.0,0.0,0.0
"Stek wołowy (top round, surowy)",168712,3.023,0.0,25.0,1.74,24.0,357.0,63.0,4.1,0.0,0.0,1.32,12.0,0.0,0.0,0.0
Wątróbka drobiowa (surowa),171060,1.563,0.0,8.0,8.99,19.0,230.0,71.0,2.67,17.9,0.0,16.58,588.0,0.0,0.0,0.0
Ananas świeży,169124,0.009,9.85,13.0,0.29,12.0,109.0,1.0,0.12,47.8,0.0,0.0,18.0,0.0,0.0,0.0
Szynka z piersi kurczaka (wędlina),168092,0.5,0.5,5.0,1.35,20.0,299.0,1038.0,2.36,0.0,2.0,0.26,6.0,0.0,0.032,0.0
Ketchup mniej kalorii,168556,0.014,21.27,15.0,0.35,13.0,281.0,907.0,0.17,4.1,0.0,0.0,9.0,0.0,0.0,0.0
Skwarki,168322,11.964,0.0,11.0,0.95,31.0,499.0,1684.0,3.06,0.0,17.0,1.09,0.0,0.004,0.008,0.0
Słodzik (erytrol),173468,0.0,0.0,0.0,0.0,0.0,0.0,0.0,0.0,0.0,0.0,0.0,0.0,0.0,0.0,0.0
Mleko bez laktozy 2%,171267,1.257,5.06,120.0,0.02,11.0,140.0,47.0,0.48,0.2,49.0,0.53,5.0,0.0,0.0,0.0
Jogurt naturalny bez laktozy,170886,1.0,7.04,183.0,0.08,17.0,234.0,70.0,0.89,0.8,1.0,0.56,11.0,0.0,0.0,0.0
Jogurt grecki bez laktozy 0%,170894,0.117,3.24,110.0,0.07,11.0,141.0,36.0,0.52,0.0,0.0,0.75,7.0,0.0,0.0,0.0
Skyr bez laktozy,170894,0.117,3.24,110.0,0.07,11.0,141.0,36.0,0.52,0.0,0.0,0.75,7.0,0.0,0.0,0.0
Kefir bez laktozy,170904,0.658,4.61,130.0,0.04,12.0,164.0,40.0,0.46,0.2,41.0,0.29,13.0,0.0,0.0,0.0
Twaróg półtłusty bez laktozy,172182,1.235,4.0,111.0,0.13,9.0,125.0,308.0,0.51,0.0,0.0,0.47,8.0,0.001,0.0,0.0
Twaróg chudy bez laktozy,172181,0.169,1.85,86.0,0.15,11.0,137.0,372.0,0.47,0.0,0.0,0.46,9.0,0.0,0.0,0.0
Serek wiejski bez laktozy,172182,1.235,4.0,111.0,0.13,9.0,125.0,308.0,0.51,0.0,0.0,0.47,8.0,0.001,0.0,0.0
Mozzarella bez laktozy,170847,10.114,1.13,782.0,0.22,23.0,84.0,619.0,2.76,0.0,12.0,0.82,9.0,0.0,0.0,0.0
Śmietanka bez laktozy 18%,171257,10.14,3.41,101.0,0.07,10.0,125.0,31.0,0.33,0.9,0.0,0.21,6.0,0.006,0.001,0.0
Ser feta bez laktozy,173420,13.3,0.0,493.0,0.65,19.0,62.0,1139.0,2.88,0.0,16.0,1.69,32.0,0.0,0.0,0.0
Ser żółty bez laktozy,171241,17.614,2.22,700.0,0.24,29.0,121.0,819.0,3.9,0.0,20.0,1.54,21.0,0.0,0.0,0.0
Makaron bezglutenowy kukurydziano-ryżowy (suchy),169742,0.153,0.12,18.0,0.7,12.0,30.0,182.0,0.74,0.0,0.0,0.0,3.0,0.0,0.0,0.0
Płatki owsiane bezglutenowe,173904,1.11,0.99,52.0,4.25,138.0,362.0,6.0,3.64,0.0,0.0,0.0,32.0,0.0,0.0,0.0
Sos tamari (bezglutenowy),172473,0.035,0.5,30.0,1.35,69.0,352.0,3598.0,0.79,0.0,0.0,0.0,44.0,0.0,0.0,0.0
Bulion warzywny bezglutenowy,171583,0.028,0.55,3.0,0.06,1.0,19.0,296.0,0.03,0.4,0.0,0.0,0.0,0.0,0.0,0.0
Tortilla kukurydziana,173241,0.334,0.0,175.0,1.4,65.0,154.0,11.0,0.94,0.0,0.0,0.0,114.0,0.0,0.0,0.0
Mąka ryżowa,169714,0.386,0.12,10.0,0.35,35.0,76.0,0.0,0.8,0.0,0.0,0.0,4.0,0.0,0.0,0.0
Mąka gryczana,170687,0.677,2.6,41.0,4.06,251.0,577.0,11.0,3.12,0.0,0.0,0.0,54.0,0.0,0.0,0.0
Seitan,168893,0.43,0.41,34.0,3.6,137.0,363.0,2.0,2.6,0.0,0.0,0.0,44.0,0.0,0.0,0.0
Odżywka białkowa roślinna (groch/ryż),172420,0.154,2.03,35.0,6.51,47.0,677.0,6.0,3.27,4.5,0.0,0.0,479.0,0.0,0.0,0.0
Płatki drożdżowe,175043,1.001,0.0,30.0,2.17,54.0,955.0,51.0,7.94,0.3,0.0,0.07,2340.0,0.0,0.0,0.0
Syrop klonowy,169661,0.007,60.46,102.0,0.11,21.0,212.0,12.0,1.47,0.0,0.0,0.0,0.0,0.0,0.0,0.0
